mutations,mut_pos,effect_size,chr,Chr,pvalue
MGE,17151.0,23,1,CP000731.1,2.674314207058785e-05
MGE,8892.0,25,1,CP000731.1,9.890023439876817e-05
60TC2AT2TA46,21441.0,15,1,CP000731.1,5.6476075071157264e-05
MGE,1224.0,15,1,CP000731.1,1.4290422294982176e-05
MGE,21469.0,3,1,CP000731.1,1.7723635834023097e-05
31TA41,19233.0,0,1,CP000731.1,1.2936674455634123e-05
MGE,27181.0,13,1,CP000731.1,1.9287804042247113e-05
MGE,26840.0,24,1,CP000731.1,1.6093571186974549e-06
MGE,17965.0,10,1,CP000731.1,7.263346768179899e-05
33AG36,6371.0,25,1,CP000731.1,2.1146741139000476e-05
35TC10-A27TA36,8391.0,8,1,CP000731.1,5.9901544497346064e-05
25A-37,11277.0,5,1,CP000731.1,1.187601976404758e-05
C-A-G-T-G-C-C-G-A-T-T-T-C-A-A-T-A-C-T-A-A-C-A-G-C-A-T-A-A-A-C-A-C-C-T-T-T-A-C-G-A-G-G-T-A-A-C-A-A-A-T-A-A-T-C-A-T-C-A-C-T-A-G-G-T-T-G-A-A-T-G-T-T-A-T-T-T-G-T-T-A-20CT53,15574.0,13,1,CP000731.1,4.937641565511864e-05
31GC32,14004.0,25,1,CP000731.1,7.51864487132039e-05
MGE,25716.0,3,1,CP000731.1,9.296686653272098e-05
MGE,22506.0,4,1,CP000731.1,5.0299730069450804e-05
