mutations,mut_pos,effect_size,chr,Chr,pvalue
MGE,17151.0,23,1,CP000731.1,26.612036532213754
MGE,8892.0,25,1,CP000731.1,11.146128192577827
60TC2AT2TA46,21441.0,15,1,CP000731.1,31.667682837711908
MGE,1224.0,15,1,CP000731.1,16.157144266780783
MGE,21469.0,3,1,CP000731.1,19.789382708639437
31TA41,19233.0,0,1,CP000731.1,12.823347676889504
MGE,27181.0,13,1,CP000731.1,3.9594963326316446
MGE,26840.0,24,1,CP000731.1,10.772477161391087
MGE,17965.0,10,1,CP000731.1,5.504913567830755
33AG36,6371.0,25,1,CP000731.1,31.283837508198825
35TC10-A27TA36,8391.0,8,1,CP000731.1,29.769750208348533
25A-37,11277.0,5,1,CP000731.1,32.64642248817559
C-A-G-T-G-C-C-G-A-T-T-T-C-A-A-T-A-C-T-A-A-C-A-G-C-A-T-A-A-A-C-A-C-C-T-T-T-A-C-G-A-G-G-T-A-A-C-A-A-A-T-A-A-T-C-A-T-C-A-C-T-A-G-G-T-T-G-A-A-T-G-T-T-A-T-T-T-G-T-T-A-20CT53,15574.0,13,1,CP000731.1,9.976796778278164
31GC32,14004.0,25,1,CP000731.1,11.828711714507715
MGE,25716.0,3,1,CP000731.1,32.791072309656975
MGE,22506.0,4,1,CP000731.1,17.30824082703351
